{
    "$schema": "https://go.kicad.org/pcm/schemas/v1",
    "name": "UGRacing Utilities",
    "description": "UGRacing Plugin for KiCad",
    "description_full": "This is a plugin intended for use by UGRacing.",
    "identifier": "com.ugracing.yukis.ugracing-plugin",
    "type": "plugin",
    "author": {
        "name": "Yuki Suter",
        "contact": {
            "web": "https://yukisuter.com"
        }
    },
    "license": "MIT",
    "resources": {
        "Homepage": "https://github.com/YukiSuter/ugr-kicad-plugin",
        "Bug Tracker": "https://github.com/YukiSuter/ugr-kicad-plugin/issues"
    },
    "versions": [
        {
            "version": "0.1.0",
            "status": "development",
            "kicad_version": "9.0"
        }
    ]
}